mean_fit_time,std_fit_time,mean_score_time,std_score_time,param_learning_rate,param_max_depth,param_min_child_weight,param_n_estimators,params,split0_test_score,split1_test_score,split2_test_score,mean_test_score,std_test_score,rank_test_score
0.9663833777109782,0.18889141341066748,0.09222976366678874,0.005904421670038869,0.1,6,1,200,"{'learning_rate': 0.1, 'max_depth': 6, 'min_child_weight': 1, 'n_estimators': 200}",-1.8263675850348333,-1.7891493995015744,-1.7509091234010923,-1.7888087026458332,0.03080672993349912,2
1.5076674620310466,0.4029443532990179,0.1064590613047282,0.004495845186964245,0.1,6,1,400,"{'learning_rate': 0.1, 'max_depth': 6, 'min_child_weight': 1, 'n_estimators': 400}",-1.8591895795692688,-1.866684636082193,-1.774967930958724,-1.8336140488700619,0.041581801528921186,3
0.926146666208903,0.2442565153520249,0.08955701192220052,0.003827059133786795,0.1,6,3,200,"{'learning_rate': 0.1, 'max_depth': 6, 'min_child_weight': 3, 'n_estimators': 200}",-1.8248242107135244,-1.743092189044161,-1.7581210856980958,-1.7753458284852606,0.035520413516768115,1
1.5008742809295654,0.39925961314769115,0.10869352022806804,0.006477923791973427,0.1,6,3,400,"{'learning_rate': 0.1, 'max_depth': 6, 'min_child_weight': 3, 'n_estimators': 400}",-1.8612867326309173,-1.9872372350599414,-1.7802937175697198,-1.8762725617535263,0.08514629044053316,6
1.452280839284261,0.3888414063130536,0.09218962987263997,0.0024460336448534434,0.1,8,1,200,"{'learning_rate': 0.1, 'max_depth': 8, 'min_child_weight': 1, 'n_estimators': 200}",-1.857247708877604,-1.8989777273415147,-1.7792058411488758,-1.8451437591226647,0.04964007373274259,5
2.5796151161193848,0.632875855773606,0.1194925308227539,0.004852209805664491,0.1,8,1,400,"{'learning_rate': 0.1, 'max_depth': 8, 'min_child_weight': 1, 'n_estimators': 400}",-1.901285711774751,-1.9238641811834423,-1.8114359285743342,-1.8788619405108424,0.04856025215788745,7
1.4393890698750813,0.386999237234406,0.09522128105163574,0.0032230695898412217,0.1,8,3,200,"{'learning_rate': 0.1, 'max_depth': 8, 'min_child_weight': 3, 'n_estimators': 200}",-1.8722749049240064,-1.879812096285891,-1.7797711280455155,-1.8439527097518045,0.045487425999919194,4
2.5226662158966064,0.641051030465873,0.11992192268371582,0.0036297250562241493,0.1,8,3,400,"{'learning_rate': 0.1, 'max_depth': 8, 'min_child_weight': 3, 'n_estimators': 400}",-1.9168041065787897,-1.904456681399381,-1.8158174880099245,-1.8790260919960318,0.04497859076304842,8
